{"loss": [5.0605058670043945, 4.253531455993652, 3.988696813583374, 3.818486452102661, 3.6954708099365234, 3.5931167602539062, 3.5187618732452393, 3.4467527866363525, 3.3866076469421387, 3.3339900970458984, 3.284996509552002, 3.179961919784546, 3.1516785621643066], "val_loss": [4.271731853485107, 3.9713857173919678, 3.8182547092437744, 3.7286570072174072, 3.676506519317627, 3.640406608581543, 3.636361837387085, 3.61875057220459, 3.6221861839294434, 3.6305978298187256, 3.623891592025757, 3.638059377670288, 3.659073829650879], "learning_rate": [0.0010000000474974513, 0.0010000000474974513, 0.0010000000474974513, 0.0010000000474974513, 0.0010000000474974513, 0.0010000000474974513, 0.0010000000474974513, 0.0010000000474974513, 0.0010000000474974513, 0.0010000000474974513, 0.0010000000474974513, 0.00020000000949949026, 0.00020000000949949026]}